<?xml version="1.0" encoding="ascii"?>
<history><client name="pkg" version="1.122.2-54.2834"><args><arg><![CDATA[/znfs/repine/export3/UC2.0/pkg-toolkit-sunos-sparc-uc2.3-u4-b54/pkg/bin/client.py]]></arg><arg><![CDATA[set-authority]]></arg><arg><![CDATA[-O]]></arg><arg><![CDATA[http://pkg.oracle.com/javaeesdk/6/release/]]></arg><arg><![CDATA[-d]]></arg><arg><![CDATA[release.javaeesdk.oracle.com]]></arg></args></client><operation end_time="20111213T121916Z" name="add-publisher" result="Succeeded" start_time="20111213T121915Z" userid="10" username="java_re"/></history>