<?xml version="1.0" encoding="ascii"?>
<history><client name="pkg" version="1.122.2-54.2834"><args><arg><![CDATA[/znfs/repine/export3/UC2.0/pkg-toolkit-sunos-sparc-uc2.3-u4-b54/pkg/bin/client.py]]></arg><arg><![CDATA[install]]></arg><arg><![CDATA[glassfish-jcdi]]></arg></args></client><operation end_time="20111213T123244Z" name="install" result="Succeeded" start_time="20111213T123243Z" userid="10" username="java_re"><start_state><![CDATA[UNEVALUATED:
+pkg:/glassfish-jcdi@3.1.2,0-14:20111213T120426Z
]]></start_state><end_state><![CDATA[None -> pkg:/glassfish-jcdi@3.1.2,0-14:20111213T120426Z
]]></end_state></operation></history>