<?xml version="1.0" encoding="ascii"?>
<history><client name="pkg" version="1.122.2-54.2834"><args><arg><![CDATA[/znfs/repine/export3/UC2.0/pkg-toolkit-sunos-sparc-uc2.3-u4-b54/pkg/bin/client.py]]></arg><arg><![CDATA[set-authority]]></arg><arg><![CDATA[-O]]></arg><arg><![CDATA[http://pkg.glassfish.org/v3/contrib/]]></arg><arg><![CDATA[contrib.glassfish.org]]></arg></args></client><operation end_time="20111213T121912Z" name="add-publisher" result="Succeeded" start_time="20111213T121911Z" userid="10" username="java_re"/></history>