<?xml version="1.0" encoding="ascii"?>
<history><client name="pkg" version="1.122.2-54.2834"><args><arg><![CDATA[/znfs/repine/export3/UC2.0/pkg-toolkit-sunos-sparc-uc2.3-u4-b54/pkg/bin/client.py]]></arg><arg><![CDATA[install]]></arg><arg><![CDATA[shoal]]></arg></args></client><operation end_time="20111213T122345Z" name="install" result="Succeeded" start_time="20111213T122345Z" userid="10" username="java_re"><start_state><![CDATA[UNEVALUATED:
+pkg:/shoal@1.6.15,0-0:20111213T115225Z
]]></start_state><end_state><![CDATA[None -> pkg:/shoal@1.6.15,0-0:20111213T115225Z
]]></end_state></operation></history>