<?xml version="1.0" encoding="ascii"?>
<history><client name="pkg" version="1.122.2-54.2834"><args><arg><![CDATA[/znfs/repine/export3/UC2.0/pkg-toolkit-sunos-sparc-uc2.3-u4-b54/pkg/bin/client.py]]></arg><arg><![CDATA[install]]></arg><arg><![CDATA[javadb-common]]></arg></args></client><operation end_time="20111213T123251Z" name="install" result="Succeeded" start_time="20111213T123250Z" userid="10" username="java_re"><start_state><![CDATA[UNEVALUATED:
+pkg:/javadb-common@10.8.1.2,5.10:20111107T225929Z
]]></start_state><end_state><![CDATA[None -> pkg:/javadb-common@10.8.1.2,5.10:20111107T225929Z
]]></end_state></operation></history>