<?xml version="1.0" encoding="ascii"?>
<history><client name="pkg" version="1.122.2-54.2834"><args><arg><![CDATA[/znfs/repine/export3/UC2.0/pkg-toolkit-sunos-sparc-uc2.3-u4-b54/pkg/bin/client.py]]></arg><arg><![CDATA[install]]></arg><arg><![CDATA[felix]]></arg></args></client><operation end_time="20111213T121918Z" name="install" result="Succeeded" start_time="20111213T121917Z" userid="10" username="java_re"><start_state><![CDATA[UNEVALUATED:
+pkg:/felix@4.0.2,0-0:20111213T114724Z
]]></start_state><end_state><![CDATA[None -> pkg:/felix@4.0.2,0-0:20111213T114724Z
]]></end_state></operation></history>