<?xml version="1.0" encoding="ascii"?>
<history><client name="pkg" version="1.122.2-54.2834"><args><arg><![CDATA[/znfs/repine/export3/UC2.0/pkg-toolkit-sunos-sparc-uc2.3-u4-b54/pkg/bin/client.py]]></arg><arg><![CDATA[install]]></arg><arg><![CDATA[metro]]></arg></args></client><operation end_time="20111213T123806Z" name="install" result="Succeeded" start_time="20111213T123804Z" userid="10" username="java_re"><start_state><![CDATA[UNEVALUATED:
+pkg:/metro@2.2,0-11:20111213T120810Z
]]></start_state><end_state><![CDATA[None -> pkg:/metro@2.2,0-11:20111213T120810Z
]]></end_state></operation></history>