<?xml version="1.0" encoding="ascii"?>
<history><client name="pkg" version="1.122.2-54.2834"><args><arg><![CDATA[/znfs/repine/export3/UC2.0/pkg-toolkit-sunos-sparc-uc2.3-u4-b54/pkg/bin/client.py]]></arg><arg><![CDATA[image-create]]></arg><arg><![CDATA[-U]]></arg><arg><![CDATA[-a]]></arg><arg><![CDATA[stable.glassfish.org=http://localhost:16500/]]></arg><arg><![CDATA[target/local_image/glassfish/glassfish3]]></arg></args></client><operation end_time="20111213T121902Z" name="add-publisher" result="Succeeded" start_time="20111213T121902Z" userid="10" username="java_re"/></history>